article_id,ncd_id,ncd_section,ncd_title,governing_article_id,governing_title
52369,,,,,
52370,,,,,
52379,,,,,
52399,158,250.3,Intravenous Immune Globulin for the Treatment of Autoimmune Mucocutaneous Blistering Diseases,,
52420,,,,,
52421,,,,,
52423,,,,,
52430,1,310.1,Routine Costs in Clinical Trials,,
52432,,,,,
52434,,,,,
52435,,,,,
52437,,,,,
52438,,,,,
52448,,,,,
52450,,,,,
52451,,,,,
52453,,,,,
52459,219,280.3,Mobility Assistive Equipment (MAE),,
52460,,,,,
52461,190,280.1,Durable Medical Equipment Reference List,,
52462,,,,,
52463,,,,,
52467,190,280.1,Durable Medical Equipment Reference List,,
52469,274,50.1,Speech Generating Devices,,
52470,,,,,
52476,190,280.1,Durable Medical Equipment Reference List,,
52477,190,280.1,Durable Medical Equipment Reference List,,
52489,190,280.1,Durable Medical Equipment Reference List,,
52495,229,240.5,Intrapulmonary Percussive Ventilator (IPV),,
52496,,,,,
52497,219,280.3,Mobility Assistive Equipment (MAE),,
52498,376,280.16,Seat Elevation Equipment (Power Operated) on Power Wheelchairs,,
52500,,,,,
52502,190,280.1,Durable Medical Equipment Reference List,,
52503,219,280.3,Mobility Assistive Equipment (MAE),,
52504,376,280.16,Seat Elevation Equipment (Power Operated) on Power Wheelchairs,,
52505,219,280.3,Mobility Assistive Equipment (MAE),,
52508,227,280.7,Hospital Beds,,
52511,,,,,
52512,,,,,
52513,65,150.2,Osteogenic Stimulators,,
52514,190,280.1,Durable Medical Equipment Reference List,,
52516,190,280.1,Durable Medical Equipment Reference List,,
52517,380,240.9,Noninvasive Positive Pressure Ventilation (NIPPV) in the Home for the Treatment of Chronic Respiratory Failure (CRF) Consequent to Chronic Obstructive Pulmonary Disease (COPD),,
52518,190,280.1,Durable Medical Equipment Reference List,,
52520,273,280.13,Transcutaneous Electrical Nerve Stimulators (TENS) - RETIRED,,
52521,,,,,
52527,,,,,
52535,,,,,
52537,,,,,
52571,,,,,
52711,,,,,
52712,,,,,
52713,,,,,
52800,,,,,
52825,,,,,
52830,,,,,
52837,,,,,
52840,1,310.1,Routine Costs in Clinical Trials,,
52841,,,,,
52842,,,,,
52845,,,,,
52849,272,220.13,Percutaneous Image-Guided Breast Biopsy,,
52850,62,20.25,Cardiac Catheterization Performed in Other than a Hospital Setting - RETIRED,,
52855,158,250.3,Intravenous Immune Globulin for the Treatment of Autoimmune Mucocutaneous Blistering Diseases,,
52863,,,,,
52866,237,50.2,Electronic Speech Aids,,
52868,263,220.5,Ultrasound Diagnostic Procedures,,
52870,,,,,
52917,,,,,
52918,,,,,
52986,372,90.2,Next Generation Sequencing (NGS),53106,MolDX: Oncotype DX® Colon Cancer Assay Update
52992,,,,,
52993,,,,,
52996,,,,,
52998,,,,,
53001,,,,,
53006,,,,,
53008,,,,,
53018,,,,,
53019,,,,,
53020,,,,,
53021,,,,,
53024,,,,,
53026,57,100.1,Bariatric Surgery for Treatment of Co-Morbid Conditions Related to Morbid Obesity,,
53032,,,,,
53033,,,,,
53043,,,,,
53047,,,,,
53052,,,,,
53053,,,,,
53055,,,,,
53056,,,,,
53057,94,160.15,Electrotherapy for Treatment of Facial Nerve Paralysis (Bell's Palsy),,
53058,,,,,
53060,,,,,
53064,131,270.1,Electrical Stimulation (ES) and Electromagnetic Therapy for the Treatment of Wounds,,
53065,131,270.1,Electrical Stimulation (ES) and Electromagnetic Therapy for the Treatment of Wounds,52468,Pressure Reducing Support Surfaces - Group 3- Policy Article
53066,,,,,
53084,,,,,
53095,,,,,
53101,,,,,
53104,,,,,
53105,,,,,
53127,,,,,
53134,294,220.6.9,FDG PET for Refractory Seizures,,
53296,,,,,
53304,,,,,
53322,,,,,
53352,,,,,
53356,,,,,
53359,249,230.18,Sacral Nerve Stimulation For Urinary Incontinence,,
53387,,,,,
53399,,,,,
53423,,,,,
53435,,,,,
53441,,,,,
53444,57,100.1,Bariatric Surgery for Treatment of Co-Morbid Conditions Related to Morbid Obesity,,
53446,,,,,
53472,,,,,
53480,,,,,
53482,,,,,
53484,,,,,
53488,,,,,
53495,,,,,
53497,,,,,
53531,,,,,
53538,,,,,
53558,,,,,
53605,,,,,
53702,,,,,
53708,245,50.3,Cochlear Implantation,,
53773,,,,,
53775,,,,,
53778,,,,,
53781,,,,,
53784,1,310.1,Routine Costs in Clinical Trials,,
53793,,,,,
53883,,,,,
53893,,,,,
53916,,,,,
53931,,,,,
53972,,,,,
53986,,,,,
53988,,,,,
54018,,,,53106,MolDX: Oncotype DX® Colon Cancer Assay Update
54021,,,,,
54061,285,150.9,Arthroscopic Lavage and Arthroscopic Debridement for the Osteoarthritic Knee,,
54095,270,160.23,Sensory Nerve Conduction Threshold Tests (sNCTs),,
54111,,,,,
54117,217,270.3,Blood-Derived Products for Chronic Non-Healing Wounds,,
54137,,,,,
54188,,,,,
54191,,,,53106,MolDX: Oncotype DX® Colon Cancer Assay Update
54192,,,,,
54194,,,,,
54195,,,,,
54196,,,,53106,MolDX: Oncotype DX® Colon Cancer Assay Update
54257,,,,,
54269,,,,,
54270,,,,,
54283,,,,,
54295,,,,,
54300,,,,,
54327,,,,,
54338,372,90.2,Next Generation Sequencing (NGS),,
54386,,,,,
54398,,,,,
54399,263,220.5,Ultrasound Diagnostic Procedures,,
54400,204,300.1,Obsolete or Unreliable Diagnostic Tests,,
54402,263,220.5,Ultrasound Diagnostic Procedures,,
54403,,,,,
54418,,,,53106,MolDX: Oncotype DX® Colon Cancer Assay Update
54422,,,,,
54445,,,,,
54472,,,,,
54480,,,,,
54484,,,,53106,MolDX: Oncotype DX® Colon Cancer Assay Update
54498,,,,,
54516,190,280.1,Durable Medical Equipment Reference List,,
54547,,,,,
54548,,,,,
54552,,,,,
54553,,,,,
54554,,,,,
54555,,,,,
54559,,,,,
54562,,,,,
54563,139,270.5,Porcine Skin and Gradient Pressure Dressings,,
54584,,,,,
54586,,,,,
54588,,,,,
54589,,,,,
54591,,,,,
54594,,,,,
54595,,,,,
54596,,,,,
54597,,,,,
54602,,,,,
54607,,,,,
54610,,,,,
54611,,,,,
54612,,,,,
54613,,,,,
54616,,,,,
54617,,,,,
54630,,,,,
54632,,,,,
54635,,,,,
54641,158,250.3,Intravenous Immune Globulin for the Treatment of Autoimmune Mucocutaneous Blistering Diseases,,
54643,158,250.3,Intravenous Immune Globulin for the Treatment of Autoimmune Mucocutaneous Blistering Diseases,,
54644,,,,,
54645,,,,,
54646,,,,,
54647,,,,,
54660,,,,,
54682,,,,,
54685,,,,,
54686,,,,,
54688,,,,,
54689,372,90.2,Next Generation Sequencing (NGS),,
54694,,,,,
54710,,,,,
54713,,,,,
54714,,,,,
54715,,,,,
54767,,,,,
54768,,,,53106,MolDX: Oncotype DX® Colon Cancer Assay Update
54769,,,,,
54777,,,,,
54780,,,,,
54781,,,,,
54790,,,,,
54791,,,,,
54795,372,90.2,Next Generation Sequencing (NGS),,
54799,,,,,
54812,,,,,
54813,,,,,
54814,,,,,
54830,,,,,
54831,357,20.8.3,Single Chamber and Dual Chamber Permanent Cardiac Pacemakers,,
54832,,,,,
54841,155,110.9,Antigens Prepared for Sublingual Administration,,
54842,161,110.13,Cytotoxic Food Tests,,
54880,,,,,
54881,,,,,
54893,,,,,
54894,,,,,
54895,,,,,
54896,,,,,
54899,,,,,
54901,,,,,
54909,,,,,
54916,,,,,
54919,,,,,
54920,,,,,
54923,57,100.1,Bariatric Surgery for Treatment of Co-Morbid Conditions Related to Morbid Obesity,52447,Laparoscopic Sleeve Gastrectomy (LSG) – Medical Policy Article
54926,357,20.8.3,Single Chamber and Dual Chamber Permanent Cardiac Pacemakers,,
54927,,,,,
54929,357,20.8.3,Single Chamber and Dual Chamber Permanent Cardiac Pacemakers,,
54953,,,,,
54954,,,,,
54958,357,20.8.3,Single Chamber and Dual Chamber Permanent Cardiac Pacemakers,,
54961,357,20.8.3,Single Chamber and Dual Chamber Permanent Cardiac Pacemakers,,
54965,,,,,
54969,270,160.23,Sensory Nerve Conduction Threshold Tests (sNCTs),,
54975,,,,,
54978,,,,,
54979,,,,,
54980,240,160.7,Electrical Nerve Stimulators,,
54981,240,160.7,Electrical Nerve Stimulators,,
54982,357,20.8.3,Single Chamber and Dual Chamber Permanent Cardiac Pacemakers,,
54983,,,,,
54988,,,,,
54990,270,160.23,Sensory Nerve Conduction Threshold Tests (sNCTs),,
54991,270,160.23,Sensory Nerve Conduction Threshold Tests (sNCTs),,
54998,,,,,
55001,,,,,
55003,102,190.23,Lipid Testing,,
55028,,,,,
55031,,,,,
55044,,,,,
55048,,,,,
55049,,,,,
55053,,,,,
55055,,,,,
55056,,,,,
55058,,,,,
55061,,,,,
55069,,,,,
55072,,,,,
55076,,,,,
55077,,,,,
55079,,,,,
55115,,,,,
55124,,,,,
55136,,,,,
55146,,,,,
55147,,,,,
55154,,,,,
55155,,,,,
55161,,,,53106,MolDX: Oncotype DX® Colon Cancer Assay Update
55162,,,,,
55169,,,,,
55175,,,,,
55193,,,,,
55197,372,90.2,Next Generation Sequencing (NGS),,
55200,,,,,
55206,,,,,
55210,,,,,
55215,253,190.7,Human Tumor Stem Cell Drug Sensitivity Assays,,
55224,372,90.2,Next Generation Sequencing (NGS),,
55227,,,,,
55229,,,,,
55230,,,,,
55231,,,,53106,MolDX: Oncotype DX® Colon Cancer Assay Update
55233,,,,,
55235,,,,,
55239,,,,,
55257,,,,,
55261,,,,,
55264,,,,,
55276,,,,,
55294,372,90.2,Next Generation Sequencing (NGS),,
55305,,,,,
55306,,,,,
55310,,,,,
55313,,,,,
55314,,,,,
55315,,,,,
55318,,,,,
55326,,,,,
55334,,,,,
55336,,,,,
55354,,,,,
55361,,,,,
55362,,,,,
55372,,,,,
55373,,,,,
55378,,,,,
55381,,,,,
55383,,,,,
55384,,,,,
55391,,,,,
55397,,,,,
55400,,,,,
55401,,,,,
55404,,,,,
55421,,,,,
55426,,,,,
55427,,,,,
55430,,,,,
55432,,,,,
55435,,,,,
55436,,,,,
55451,,,,,
55452,,,,,
55453,,,,,
55457,,,,,
55458,,,,,
55470,,,,,
55471,,,,,
55472,,,,,
55473,,,,,
55475,,,,,
55478,,,,,
55489,15,150.7,"Prolotherapy, Joint Sclerotherapy, and Ligamentous Injections with Sclerosing Agents",,
55490,15,150.7,"Prolotherapy, Joint Sclerotherapy, and Ligamentous Injections with Sclerosing Agents",,
55491,,,,,
55492,,,,,
55503,,,,,
55505,,,,,
55527,,,,,
55528,,,,,
55530,,,,,
55533,,,,,
55535,,,,,
55536,,,,,
55540,,,,,
55543,,,,,
55553,,,,,
55554,,,,,
55555,281,210.3,Colorectal Cancer Screening Tests,,
55558,281,210.3,Colorectal Cancer Screening Tests,,
55561,,,,,
55562,,,,,
55564,,,,,
55566,,,,,
55570,,,,,
55584,,,,,
55595,,,,,
55596,,,,,
55597,,,,,
55621,,,,,
55623,,,,,
55624,372,90.2,Next Generation Sequencing (NGS),,
55639,,,,,
55641,,,,,
55643,,,,,
55644,,,,,
55646,,,,,
55648,,,,,
55657,,,,,
55659,,,,,
55661,,,,,
55662,,,,,
55672,194,260.6,Dental Examination Prior to Kidney Transplantation,,
55675,194,260.6,Dental Examination Prior to Kidney Transplantation,,
55684,14,140.4,"Plastic Surgery to Correct ""Moon Face",,
55685,14,140.4,"Plastic Surgery to Correct ""Moon Face",,
55688,,,,,
55689,,,,,
55695,,,,,
55701,,,,,
55703,,,,,
55704,,,,,
55707,,,,,
55709,,,,,
55710,,,,,
55711,,,,,
55715,,,,,
55716,,,,,
55717,,,,53106,MolDX: Oncotype DX® Colon Cancer Assay Update
55723,,,,,
55736,,,,,
55738,,,,,
55749,,,,,
55754,269,190.11,Home Prothrombin Time/International Normalized Ratio (PT/INR) Monitoring for Anticoagulation Management,,
55757,,,,,
55769,,,,,
55774,,,,,
55778,,,,,
55779,,,,,
55793,,,,,
55794,,,,,
55817,,,,,
55818,,,,,
55835,249,230.18,Sacral Nerve Stimulation For Urinary Incontinence,,
55848,,,,,
55852,,,,,
55876,,,,,
55879,,,,,
55902,,,,,
55904,,,,,
55909,315,270.6,Infrared Therapy Devices,,
55910,315,270.6,Infrared Therapy Devices,,
55913,,,,,
55936,,,,,
55937,,,,,
55938,,,,,
55948,,,,,
55951,,,,,
55958,,,,,
55974,,,,,
55982,,,,,
55984,,,,,
55988,,,,,
56006,,,,,
56017,,,,,
56018,,,,,
56021,,,,,
56025,12,20.29,Hyperbaric Oxygen Therapy,,
56027,,,,,
56034,15,150.7,"Prolotherapy, Joint Sclerotherapy, and Ligamentous Injections with Sclerosing Agents",,
56041,,,,,
56042,,,,,
56061,177,220.2,Magnetic Resonance Imaging,,
56065,150,110.3,Anti-Inhibitor Coagulant Complex (AICC),,
56067,177,220.2,Magnetic Resonance Imaging,,
56071,253,190.7,Human Tumor Stem Cell Drug Sensitivity Assays,,
56072,,,,,
56076,,,,,
56077,,,,,
56083,,,,,
56103,,,,,
56106,,,,,
56109,,,,,
56112,,,,,
56115,,,,,
56141,,,,,
56142,,,,,
56148,,,,,
56152,320,240.8,Pulmonary Rehabilitation Services,,
56157,,,,,
56159,,,,,
56161,,,,,
56169,,,,,
56175,,,,,
56177,,,,,
56178,,,,,
56190,,,,,
56198,,,,,
56199,372,90.2,Next Generation Sequencing (NGS),53106,MolDX: Oncotype DX® Colon Cancer Assay Update
56211,,,,,
56213,,,,,
56215,,,,,
56216,,,,,
56224,,,,,
56230,,,,,
56231,,,,,
56232,171,70.2.1,Services Provided for the Diagnosis and Treatment of Diabetic Sensory Neuropathy with Loss of Protective Sensation (aka Diabetic Peripheral Neuropathy),52501,Therapeutic Shoes for Persons with Diabetes - Policy Article
56233,,,,,
56235,,,,,
56239,,,,,
56240,194,260.6,Dental Examination Prior to Kidney Transplantation,,
56241,194,260.6,Dental Examination Prior to Kidney Transplantation,,
56248,,,,,
56252,,,,,
56253,,,,,
56254,,,,,
56256,,,,,
56257,,,,,
56272,,,,,
56273,,,,,
56283,,,,,
56287,,,,,
56289,82,110.14,Apheresis (Therapeutic Pheresis),,
56313,,,,,
56315,,,,,
56329,,,,,
56333,372,90.2,Next Generation Sequencing (NGS),,
56335,,,,,
56336,372,90.2,Next Generation Sequencing (NGS),,
56338,,,,,
56344,372,90.2,Next Generation Sequencing (NGS),,
56346,,,,,
56354,,,,,
56356,,,,,
56357,,,,,
56366,,,,,
56374,372,90.2,Next Generation Sequencing (NGS),,
56375,,,,,
56376,,,,,
56380,,,,,
56381,,,,,
56382,,,,,
56384,,,,,
56389,,,,,
56390,,,,,
56391,110,20.4,Implantable Cardioverter Defibrillators (ICDs),,
56392,,,,,
56393,,,,,
56394,,,,53106,MolDX: Oncotype DX® Colon Cancer Assay Update
56395,,,,,
56396,,,,,
56397,,,,,
56399,,,,,
56401,,,,,
56402,,,,,
56410,372,90.2,Next Generation Sequencing (NGS),,
56411,372,90.2,Next Generation Sequencing (NGS),,
56414,,,,,
56416,,,,54543,Therapeutic Apheresis for Familial Hypercholesterolemia
56419,,,,,
56420,,,,,
56421,,,,53106,MolDX: Oncotype DX® Colon Cancer Assay Update
56422,,,,54543,Therapeutic Apheresis for Familial Hypercholesterolemia
56423,,,,,
56425,,,,,
56431,,,,,
56432,,,,,
56439,,,,,
56446,,,,,
56447,,,,,
56448,186,220.4,Mammograms,,
56451,,,,,
56453,,,,,
56454,,,,,
56455,,,,,
56456,,,,53106,MolDX: Oncotype DX® Colon Cancer Assay Update
56457,,,,,
56459,,,,,
56460,,,,,
56461,,,,,
56462,,,,53106,MolDX: Oncotype DX® Colon Cancer Assay Update
56464,,,,53106,MolDX: Oncotype DX® Colon Cancer Assay Update
56465,,,,,
56467,,,,,
56471,,,,,
56476,,,,,
56491,,,,,
56493,,,,,
56494,,,,,
56496,,,,,
56497,,,,,
56500,,,,,
56502,,,,,
56503,,,,,
56505,,,,,
56514,,,,,
56529,,,,,
56531,,,,,
56537,263,220.5,Ultrasound Diagnostic Procedures,,
56538,,,,,
56541,333,90.1,Pharmacogenomic Testing for Warfarin Response,,
56542,,,,,
56544,239,80.12,Intraocular Lenses (IOLs),,
56545,,,,,
56548,,,,,
56549,9,80.10,Phaco-Emulsification Procedure - Cataract Extraction,,
56550,69,140.5,Laser Procedures,,
56551,261,80.9,Computer Enhanced Perimetry,,
56558,,,,,
56559,,,,,
56562,,,,,
56566,315,270.6,Infrared Therapy Devices,,
56572,,,,,
56580,,,,53106,MolDX: Oncotype DX® Colon Cancer Assay Update
56584,,,,,
56587,,,,,
56588,18,80.11,Vitrectomy,,
56594,,,,,
56602,,,,,
56605,,,,,
56607,,,,,
56609,,,,,
56610,,,,,
56611,,,,,
56612,,,,,
56613,,,,,
56614,,,,,
56615,,,,,
56616,,,,,
56617,,,,,
56619,,,,,
56621,,,,,
56625,,,,,
56631,,,,,
56632,,,,53106,MolDX: Oncotype DX® Colon Cancer Assay Update
56633,,,,,
56635,,,,,
56636,,,,,
56638,,,,,
56639,,,,,
56640,,,,,
56641,,,,,
56642,,,,,
56644,,,,,
56645,,,,,
56647,,,,,
56648,,,,,
56651,223,280.14,Infusion Pumps,,
56653,,,,,
56658,,,,,
56666,194,260.6,Dental Examination Prior to Kidney Transplantation,,
56669,,,,,
56670,,,,,
56672,,,,,
56673,,,,,
56674,,,,,
56675,,,,,
56679,,,,,
56680,,,,52501,Therapeutic Shoes for Persons with Diabetes - Policy Article
56681,223,280.14,Infusion Pumps,,
56682,,,,,
56684,,,,,
56685,,,,,
56686,,,,,
56688,,,,,
56691,,,,,
56692,,,,,
56695,,,,53106,MolDX: Oncotype DX® Colon Cancer Assay Update
56696,131,270.1,Electrical Stimulation (ES) and Electromagnetic Therapy for the Treatment of Wounds,,
56697,165,20.14,Plethysmography,,
56703,,,,,
56704,81,100.2,Endoscopy,,
56717,,,,52519,Suction Pumps - Policy Article
56718,,,,52509,Intravenous Immune Globulin - Policy Article
56722,,,,,
56724,,,,,
56726,60,10.1,Use of Visual Tests Prior to and General Anesthesia during Cataract Surgery,,
56727,,,,,
56729,,,,,
56730,,,,,
56731,,,,,
56732,,,,,
56736,,,,,
56737,176,220.1,Computed Tomography,,
56742,,,,,
56743,,,,,
56747,178,220.3,Magnetic Resonance Angiography - RETIRED,,
56748,,,,53106,MolDX: Oncotype DX® Colon Cancer Assay Update
56754,,,,,
56756,,,,,
56758,263,220.5,Ultrasound Diagnostic Procedures,,
56766,,,,,
56767,,,,,
56769,,,,,
56771,,,,,
56773,,,,,
56774,,,,54543,Therapeutic Apheresis for Familial Hypercholesterolemia
56775,,,,,
56777,,,,,
56779,,,,52509,Intravenous Immune Globulin - Policy Article
56781,263,220.5,Ultrasound Diagnostic Procedures,,
56783,,,,,
56784,,,,,
56786,158,250.3,Intravenous Immune Globulin for the Treatment of Autoimmune Mucocutaneous Blistering Diseases,52509,Intravenous Immune Globulin - Policy Article
56787,263,220.5,Ultrasound Diagnostic Procedures,,
56792,,,,,
56793,198,190.3,Cytogenetic Studies,,
56795,322,110.21,Erythropoiesis Stimulating Agents (ESAs) in Cancer and Related Neoplastic Conditions,,
56796,,,,,
56797,,,,,
56798,,,,,
56799,,,,,
56802,,,,,
56805,,,,,
56808,,,,,
56809,,,,,
56811,,,,,
56816,,,,,
56818,,,,,
56823,201,20.7,Percutaneous Transluminal Angioplasty (PTA),,
56825,,,,,
56826,,,,,
56827,,,,,
56836,,,,,
56837,64,140.2,Breast Reconstruction Following Mastectomy,,
56838,,,,,
56841,,,,,
56844,161,110.13,Cytotoxic Food Tests,,
56845,,,,,
56848,,,,,
56850,,,,,
56852,,,,52447,Laparoscopic Sleeve Gastrectomy (LSG) – Medical Policy Article
56853,,,,,
56857,,,,,
56859,,,,,
56863,191,100.4,Esophageal Manometry,,
56865,59,130.7,Withdrawal Treatments for Narcotic Addictions,,
56866,,,,,
56867,372,90.2,Next Generation Sequencing (NGS),53106,MolDX: Oncotype DX® Colon Cancer Assay Update
56868,,,,,
56869,,,,,
56870,,,,,
56871,,,,,
56872,,,,,
56874,,,,,
56875,,,,,
56876,,,,,
56881,,,,,
56884,,,,,
56885,,,,,
56887,,,,,
56898,,,,,
56899,,,,,
56900,,,,,
56902,,,,,
56903,,,,,
56905,,,,,
56906,,,,,
56907,,,,,
56908,,,,,
56910,,,,,
56913,,,,,
56914,,,,,
56915,,,,,
56916,,,,,
56917,,,,,
56923,330,240.4.1,Sleep Testing for Obstructive Sleep Apnea (OSA),,
56924,372,90.2,Next Generation Sequencing (NGS),,
56926,,,,,
56929,,,,,
56933,,,,,
56937,,,,,
56938,,,,,
56940,,,,,
56941,,,,,
56943,102,190.23,Lipid Testing,54543,Therapeutic Apheresis for Familial Hypercholesterolemia
56948,,,,,
56949,,,,,
56952,,,,,
56953,,,,,
56954,3,150.1,Manipulation,,
56957,,,,,
56961,,,,,
56962,,,,,
56963,,,,,
56968,,,,,
56973,,,,,
56980,,,,,
56981,,,,,
56982,,,,,
56983,,,,,
56985,,,,,
56988,,,,,
56989,,,,,
56995,330,240.4.1,Sleep Testing for Obstructive Sleep Apnea (OSA),,
56997,,,,,
56998,,,,,
57010,,,,,
57020,,,,,
57021,,,,,
57024,,,,,
57025,,,,,
57029,,,,,
57030,215,160.22,Ambulatory EEG Monitoring - RETIRED,,
57034,,,,,
57037,102,190.23,Lipid Testing,54543,Therapeutic Apheresis for Familial Hypercholesterolemia
57038,,,,,
57039,91,100.9,Implantation of  Anti-Gastroesophageal Reflux Device - RETIRED,,
57040,89,170.2,Melodic Intonation Therapy,,
57041,270,160.23,Sensory Nerve Conduction Threshold Tests (sNCTs),,
57043,,,,,
57044,,,,,
57047,,,,,
57049,226,240.4,Continuous Positive Airway Pressure (CPAP) Therapy For Obstructive Sleep Apnea (OSA),,
57050,,,,,
57052,32,230.4,Diagnosis and Treatment of Impotence,,
57053,250,170.1,Institutional and Home Care Patient Education Programs,,
57054,140,70.3,Physician's Office within an Institution Coverage of Services and Supplies Incident to a Physician's Services,,
57056,,,,,
57060,,,,,
57063,,,,,
57065,278,160.25,Multiple Electroconvulsive Therapy (MECT),,
57067,,,,,
57068,,,,,
57069,157,80.3,Photosensitive Drugs,,
57070,263,220.5,Ultrasound Diagnostic Procedures,,
57071,,,,,
57072,,,,,
57077,,,,,
57079,15,150.7,"Prolotherapy, Joint Sclerotherapy, and Ligamentous Injections with Sclerosing Agents",,
57083,,,,,
57092,330,240.4.1,Sleep Testing for Obstructive Sleep Apnea (OSA),,
57100,,,,,
57106,,,,,
57110,,,,,
57112,,,,,
57113,129,250.4,Treatment of Actinic Keratosis,,
57114,,,,,
57115,,,,,
57118,,,,,
57122,,,,,
57123,270,160.23,Sensory Nerve Conduction Threshold Tests (sNCTs),,
57124,,,,,
57125,,,,,
57130,,,,,
57132,256,150.3,Bone (Mineral) Density Studies,,
57141,,,,,
57145,57,100.1,Bariatric Surgery for Treatment of Co-Morbid Conditions Related to Morbid Obesity,54543,Therapeutic Apheresis for Familial Hypercholesterolemia
57149,,,,,
57155,,,,,
57160,,,,,
57161,129,250.4,Treatment of Actinic Keratosis,,
57165,,,,,
57179,,,,,
57181,266,110.11,Food Allergy Testing and Treatment,,
57183,36,20.10,Cardiac Rehabilitation Programs - RETIRED,54543,Therapeutic Apheresis for Familial Hypercholesterolemia
57185,,,,,
57186,,,,,
57187,158,250.3,Intravenous Immune Globulin for the Treatment of Autoimmune Mucocutaneous Blistering Diseases,52509,Intravenous Immune Globulin - Policy Article
57188,,,,,
57189,,,,,
57190,,,,,
57193,171,70.2.1,Services Provided for the Diagnosis and Treatment of Diabetic Sensory Neuropathy with Loss of Protective Sensation (aka Diabetic Peripheral Neuropathy),,
57195,9,80.10,Phaco-Emulsification Procedure - Cataract Extraction,,
57204,177,220.2,Magnetic Resonance Imaging,,
57205,169,240.2,Home Use of Oxygen,,
57206,177,220.2,Magnetic Resonance Imaging,,
57221,14,140.4,"Plastic Surgery to Correct ""Moon Face",,
57224,320,240.8,Pulmonary Rehabilitation Services,,
57237,,,,,
57268,,,,,
57282,,,,,
57284,,,,,
57285,,,,,
57305,,,,,
57306,,,,,
57307,270,160.23,Sensory Nerve Conduction Threshold Tests (sNCTs),,
57311,219,280.3,Mobility Assistive Equipment (MAE),,
57326,,,,54543,Therapeutic Apheresis for Familial Hypercholesterolemia
57329,,,,,
57331,,,,,
57342,281,210.3,Colorectal Cancer Screening Tests,,
57356,,,,,
57361,,,,,
57363,,,,,
57372,,,,,
57384,333,90.1,Pharmacogenomic Testing for Warfarin Response,,
57386,102,190.23,Lipid Testing,54543,Therapeutic Apheresis for Familial Hypercholesterolemia
57414,81,100.2,Endoscopy,,
57419,,,,,
57423,,,,,
57427,263,220.5,Ultrasound Diagnostic Procedures,,
57428,177,220.2,Magnetic Resonance Imaging,,
57431,,,,,
57432,,,,,
57434,,,,,
57436,,,,,
57441,,,,,
57449,,,,,
57450,,,,,
57451,,,,,
57452,,,,53106,MolDX: Oncotype DX® Colon Cancer Assay Update
57453,249,230.18,Sacral Nerve Stimulation For Urinary Incontinence,,
57455,202,230.2,Uroflowmetric Evaluations,,
57473,161,110.13,Cytotoxic Food Tests,,
57476,179,20.15,Electrocardiographic Services,,
57477,,,,,
57478,270,160.23,Sensory Nerve Conduction Threshold Tests (sNCTs),,
57479,201,20.7,Percutaneous Transluminal Angioplasty (PTA),,
57480,41,30.1,Biofeedback Therapy,,
57481,41,30.1,Biofeedback Therapy,,
57482,129,250.4,Treatment of Actinic Keratosis,,
57483,261,80.9,Computer Enhanced Perimetry,,
57484,,,,,
57486,,,,,
57496,330,240.4.1,Sleep Testing for Obstructive Sleep Apnea (OSA),,
57497,,,,,
57503,,,,,
57512,,,,,
57515,,,,,
57516,,,,,
57520,,,,,
57526,,,,,
57528,346,210.9,Screening for Depression in Adults,,
57531,,,,,
57540,,,,,
57551,,,,,
57552,176,220.1,Computed Tomography,,
57554,158,250.3,Intravenous Immune Globulin for the Treatment of Autoimmune Mucocutaneous Blistering Diseases,52509,Intravenous Immune Globulin - Policy Article
57558,,,,,
57559,102,190.23,Lipid Testing,54543,Therapeutic Apheresis for Familial Hypercholesterolemia
57560,,,,,
57566,,,,,
57567,,,,,
57568,,,,,
57571,,,,,
57575,,,,,
57576,,,,,
57577,,,,,
57581,,,,,
57583,,,,,
57587,,,,,
57588,,,,,
57589,11,30.3,Acupuncture,,
57590,201,20.7,Percutaneous Transluminal Angioplasty (PTA),,
57591,263,220.5,Ultrasound Diagnostic Procedures,,
57592,204,300.1,Obsolete or Unreliable Diagnostic Tests,,
57593,204,300.1,Obsolete or Unreliable Diagnostic Tests,,
57594,263,220.5,Ultrasound Diagnostic Procedures,,
57595,42,30.1.1,Biofeedback Therapy for the Treatment of Urinary Incontinence,,
57596,,,,,
57597,270,160.23,Sensory Nerve Conduction Threshold Tests (sNCTs),,
57598,,,,,
57599,,,,,
57600,,,,,
57604,,,,,
57607,,,,,
57611,,,,,
57612,,,,,
57614,,,,,
57615,,,,,
57618,,,,,
57619,,,,,
57621,,,,,
57630,,,,,
57631,,,,,
57633,,,,,
57636,,,,,
57637,,,,,
57638,,,,,
57643,,,,,
57647,,,,,
57649,,,,,
57651,,,,,
57657,,,,,
57660,,,,,
57661,,,,,
57663,15,150.7,"Prolotherapy, Joint Sclerotherapy, and Ligamentous Injections with Sclerosing Agents",,
57664,372,90.2,Next Generation Sequencing (NGS),,
57666,,,,,
57667,,,,,
57668,270,160.23,Sensory Nerve Conduction Threshold Tests (sNCTs),,
57669,,,,,
57670,,,,,
57672,,,,,
57677,,,,,
57678,,,,,
57680,217,270.3,Blood-Derived Products for Chronic Non-Healing Wounds,,
57682,,,,,
57683,,,,,
57685,,,,,
57689,,,,53106,MolDX: Oncotype DX® Colon Cancer Assay Update
57692,,,,,
57697,330,240.4.1,Sleep Testing for Obstructive Sleep Apnea (OSA),,
57701,373,30.3.3,Acupuncture for Chronic Lower Back Pain (cLBP),,
57706,,,,,
57715,,,,,
57718,,,,,
57726,,,,,
57733,,,,,
57735,,,,,
57736,,,,52447,Laparoscopic Sleeve Gastrectomy (LSG) – Medical Policy Article
57740,,,,,
57751,15,150.7,"Prolotherapy, Joint Sclerotherapy, and Ligamentous Injections with Sclerosing Agents",,
57752,,,,,
57753,81,100.2,Endoscopy,,
57755,,,,,
57759,171,70.2.1,Services Provided for the Diagnosis and Treatment of Diabetic Sensory Neuropathy with Loss of Protective Sensation (aka Diabetic Peripheral Neuropathy),,
57765,,,,,
57767,,,,,
57772,,,,,
57773,,,,,
57778,158,250.3,Intravenous Immune Globulin for the Treatment of Autoimmune Mucocutaneous Blistering Diseases,52509,Intravenous Immune Globulin - Policy Article
57779,,,,,
57780,,,,,
57787,,,,,
57788,,,,53106,MolDX: Oncotype DX® Colon Cancer Assay Update
57791,240,160.7,Electrical Nerve Stimulators,,
57804,,,,,
57811,,,,,
57813,,,,,
57818,,,,,
57820,,,,,
57826,,,,,
57830,372,90.2,Next Generation Sequencing (NGS),,
57831,372,90.2,Next Generation Sequencing (NGS),53106,MolDX: Oncotype DX® Colon Cancer Assay Update
57836,372,90.2,Next Generation Sequencing (NGS),,
57837,372,90.2,Next Generation Sequencing (NGS),,
57839,,,,,
57842,,,,,
57844,322,110.21,Erythropoiesis Stimulating Agents (ESAs) in Cancer and Related Neoplastic Conditions,,
57846,,,,,
57848,,,,,
57851,,,,,
57858,372,90.2,Next Generation Sequencing (NGS),53106,MolDX: Oncotype DX® Colon Cancer Assay Update
57861,372,90.2,Next Generation Sequencing (NGS),,
57863,,,,,
57866,372,90.2,Next Generation Sequencing (NGS),,
57867,372,90.2,Next Generation Sequencing (NGS),53106,MolDX: Oncotype DX® Colon Cancer Assay Update
57868,,,,,
57869,,,,,
57870,372,90.2,Next Generation Sequencing (NGS),,
57872,,,,,
57873,372,90.2,Next Generation Sequencing (NGS),,
57876,372,90.2,Next Generation Sequencing (NGS),,
57877,372,90.2,Next Generation Sequencing (NGS),,
57878,372,90.2,Next Generation Sequencing (NGS),,
57879,372,90.2,Next Generation Sequencing (NGS),,
57880,,,,,
57884,,,,,
57889,263,220.5,Ultrasound Diagnostic Procedures,,
57890,,,,,
57891,372,90.2,Next Generation Sequencing (NGS),,
57893,,,,,
57894,372,90.2,Next Generation Sequencing (NGS),,
57901,372,90.2,Next Generation Sequencing (NGS),53106,MolDX: Oncotype DX® Colon Cancer Assay Update
57904,372,90.2,Next Generation Sequencing (NGS),,
57906,372,90.2,Next Generation Sequencing (NGS),,
57907,,,,,
57908,,,,,
57909,372,90.2,Next Generation Sequencing (NGS),,
57910,,,,,
57913,,,,,
57915,,,,,
57916,,,,,
57917,372,90.2,Next Generation Sequencing (NGS),53106,MolDX: Oncotype DX® Colon Cancer Assay Update
57918,372,90.2,Next Generation Sequencing (NGS),,
57921,,,,,
57922,,,,,
57926,,,,,
57928,,,,,
57929,,,,,
57930,,,,,
57935,372,90.2,Next Generation Sequencing (NGS),,
57936,,,,,
57938,,,,,
57944,330,240.4.1,Sleep Testing for Obstructive Sleep Apnea (OSA),,
57947,,,,,
57948,,,,,
57954,,,,,
57959,,,,,
57967,,,,,
57970,,,,,
57979,,,,,
57983,,,,,
58000,,,,,
58008,,,,,
58016,,,,,
58017,,,,,
58021,,,,,
58028,372,90.2,Next Generation Sequencing (NGS),,
58030,,,,,
58031,,,,,
58035,190,280.1,Durable Medical Equipment Reference List,,
58038,,,,,
58039,,,,,
58040,,,,,
58049,,,,,
58052,,,,,
58061,112,260.9,Heart Transplants,,
58063,,,,,
58065,372,90.2,Next Generation Sequencing (NGS),,
58070,,,,,
58071,190,280.1,Durable Medical Equipment Reference List,,
58072,,,,,
58073,,,,,
58075,,,,,
58095,176,220.1,Computed Tomography,,
58100,,,,,
58110,,,,,
58112,,,,,
58113,,,,,
58116,92,40.3,Closed-Loop Blood Glucose Control Device (CBGCD),,
58117,,,,,
58118,,,,,
58119,230,160.18,Vagus Nerve Stimulation (VNS),,
58120,,,,,
58127,,,,,
58133,,,,,
58136,,,,,
58145,,,,,
58152,176,220.1,Computed Tomography,,
58157,333,90.1,Pharmacogenomic Testing for Warfarin Response,,
58176,,,,,
58177,,,,,
58178,333,90.1,Pharmacogenomic Testing for Warfarin Response,,
58181,372,90.2,Next Generation Sequencing (NGS),,
58183,,,,,
58198,333,90.1,Pharmacogenomic Testing for Warfarin Response,,
58205,,,,,
58209,,,,,
58211,372,90.2,Next Generation Sequencing (NGS),,
58213,222,40.2,Home Blood Glucose Monitors,,
58218,,,,,
58220,,,,,
58223,,,,,
58227,,,,,
58231,,,,,
58237,333,90.1,Pharmacogenomic Testing for Warfarin Response,,
58238,333,90.1,Pharmacogenomic Testing for Warfarin Response,,
58243,,,,,
58247,190,280.1,Durable Medical Equipment Reference List,,
58250,,,,,
58264,,,,,
58270,,,,,
58271,,,,,
58272,,,,,
58275,,,,,
58277,,,,,
58282,,,,,
58287,,,,,
58288,190,280.1,Durable Medical Equipment Reference List,,
58289,,,,,
58294,281,210.3,Colorectal Cancer Screening Tests,,
58300,,,,,
58306,,,,,
58308,,,,,
58318,333,90.1,Pharmacogenomic Testing for Warfarin Response,,
58321,,,,,
58324,333,90.1,Pharmacogenomic Testing for Warfarin Response,,
58327,,,,,
58338,,,,,
58340,,,,,
58342,,,,,
58343,,,,,
58344,,,,,
58350,,,,,
58354,,,,,
58359,,,,,
58362,,,,,
58364,,,,,
58367,,,,,
58368,,,,,
58371,,,,,
58376,372,90.2,Next Generation Sequencing (NGS),53106,MolDX: Oncotype DX® Colon Cancer Assay Update
58378,,,,,
58382,,,,,
58392,,,,,
58395,333,90.1,Pharmacogenomic Testing for Warfarin Response,,
58396,,,,,
58398,,,,,
58399,,,,,
58403,263,220.5,Ultrasound Diagnostic Procedures,,
58406,,,,,
58408,,,,,
58410,,,,,
58414,,,,,
58416,,,,,
58417,,,,,
58423,,,,,
58426,,,,,
58428,,,,,
58431,,,,,
58434,372,90.2,Next Generation Sequencing (NGS),53106,MolDX: Oncotype DX® Colon Cancer Assay Update
58436,281,210.3,Colorectal Cancer Screening Tests,,
58445,,,,,
58450,,,,,
58451,,,,,
58452,,,,,
58454,372,90.2,Next Generation Sequencing (NGS),53106,MolDX: Oncotype DX® Colon Cancer Assay Update
58462,,,,,
58463,,,,,
58465,,,,,
58468,372,90.2,Next Generation Sequencing (NGS),53106,MolDX: Oncotype DX® Colon Cancer Assay Update
58471,,,,,
58473,,,,,
58477,,,,,
58480,,,,,
58503,,,,,
58505,,,,,
58506,,,,,
58507,,,,,
58508,,,,,
58509,,,,,
58511,,,,,
58512,,,,,
58514,,,,,
58520,,,,,
58521,,,,,
58522,,,,,
58523,,,,,
58530,,,,,
58531,,,,,
58534,,,,,
58535,,,,,
58539,,,,,
58546,,,,,
58547,,,,,
58548,,,,,
58549,,,,,
58551,,,,,
58557,,,,,
58559,,,,,
58561,,,,,
58562,,,,,
58563,,,,,
58565,315,270.6,Infrared Therapy Devices,,
58568,,,,,
58573,,,,,
58575,,,,,
58577,,,,,
58582,,,,,
58587,,,,,
58592,,,,,
58596,281,210.3,Colorectal Cancer Screening Tests,,
58598,281,210.3,Colorectal Cancer Screening Tests,,
58607,,,,,
58609,217,270.3,Blood-Derived Products for Chronic Non-Healing Wounds,,
58613,,,,,
58614,,,,,
58618,,,,,
58622,,,,,
58624,,,,,
58628,,,,,
58629,,,,,
58630,,,,,
58634,,,,,
58635,,,,,
58639,176,220.1,Computed Tomography,,
58640,176,220.1,Computed Tomography,,
58641,,,,,
58647,,,,,
58649,,,,,
58650,,,,,
58652,372,90.2,Next Generation Sequencing (NGS),53106,MolDX: Oncotype DX® Colon Cancer Assay Update
58656,372,90.2,Next Generation Sequencing (NGS),,
58657,,,,,
58658,,,,,
58664,,,,,
58669,,,,,
58670,,,,,
58671,,,,,
58672,,,,,
58673,,,,,
58675,112,260.9,Heart Transplants,,
58676,,,,,
58677,,,,,
58679,372,90.2,Next Generation Sequencing (NGS),53106,MolDX: Oncotype DX® Colon Cancer Assay Update
58685,,,,,
58686,,,,,
58687,112,260.9,Heart Transplants,,
58689,,,,,
58693,,,,,
58695,223,280.14,Infusion Pumps,,
58696,,,,,
58700,,,,,
58703,112,260.9,Heart Transplants,,
58706,,,,,
58708,,,,,
58710,335,210.7,Screening for the Human Immunodeficiency Virus (HIV) Infection,,
58713,,,,,
58718,,,,,
58720,335,210.7,Screening for the Human Immunodeficiency Virus (HIV) Infection,,
58727,,,,,
58728,,,,,
58729,372,90.2,Next Generation Sequencing (NGS),,
58731,223,280.14,Infusion Pumps,,
58734,372,90.2,Next Generation Sequencing (NGS),53106,MolDX: Oncotype DX® Colon Cancer Assay Update
58735,372,90.2,Next Generation Sequencing (NGS),,
58737,,,,,
58741,,,,,
58743,,,,,
58745,,,,,
58747,335,210.7,Screening for the Human Immunodeficiency Virus (HIV) Infection,,
58748,372,90.2,Next Generation Sequencing (NGS),,
58749,372,90.2,Next Generation Sequencing (NGS),,
58751,,,,,
58752,,,,,
58756,372,90.2,Next Generation Sequencing (NGS),53106,MolDX: Oncotype DX® Colon Cancer Assay Update
58759,,,,,
58761,335,210.7,Screening for the Human Immunodeficiency Virus (HIV) Infection,,
58765,,,,,
58769,,,,,
58770,,,,,
58772,,,,,
58774,338,250.5,Dermal Injections for the Treatment of Facial Lipodystrophy Syndrome (LDS),,
58777,,,,,
58778,112,260.9,Heart Transplants,,
58780,112,260.9,Heart Transplants,,
58781,,,,,
58782,,,,,
58783,,,,,
58786,,,,,
58788,217,270.3,Blood-Derived Products for Chronic Non-Healing Wounds,,
58791,372,90.2,Next Generation Sequencing (NGS),,
58792,,,,,
58795,,,,,
58797,,,,,
58798,190,280.1,Durable Medical Equipment Reference List,,
58801,333,90.1,Pharmacogenomic Testing for Warfarin Response,54543,Therapeutic Apheresis for Familial Hypercholesterolemia
58802,190,280.1,Durable Medical Equipment Reference List,,
58808,217,270.3,Blood-Derived Products for Chronic Non-Healing Wounds,,
58810,217,270.3,Blood-Derived Products for Chronic Non-Healing Wounds,,
58812,333,90.1,Pharmacogenomic Testing for Warfarin Response,54543,Therapeutic Apheresis for Familial Hypercholesterolemia
58814,176,220.1,Computed Tomography,,
58817,,,,,
58819,,,,,
58821,,,,,
58822,,,,,
58823,,,,,
58824,190,280.1,Durable Medical Equipment Reference List,,
58828,,,,,
58835,,,,,
58836,,,,,
58837,,,,,
58853,,,,,
58855,,,,,
58865,,,,,
58872,,,,,
58873,,,,,
58876,,,,,
58883,,,,,
58887,,,,,
58889,,,,,
58890,,,,,
58893,,,,,
58894,,,,,
58896,129,250.4,Treatment of Actinic Keratosis,,
58897,,,,,
58899,223,280.14,Infusion Pumps,,
58900,,,,,
58903,315,270.6,Infrared Therapy Devices,,
58904,315,270.6,Infrared Therapy Devices,,
58905,,,,,
58906,,,,,
58907,,,,,
58912,,,,,
58915,372,90.2,Next Generation Sequencing (NGS),,
58916,372,90.2,Next Generation Sequencing (NGS),,
58917,,,,,
58918,,,,,
58919,,,,,
58921,,,,,
58922,,,,,
58923,,,,,
58924,,,,,
58928,223,280.14,Infusion Pumps,,
58929,,,,,
58930,372,90.2,Next Generation Sequencing (NGS),,
58943,,,,,
58944,281,210.3,Colorectal Cancer Screening Tests,,
58947,281,210.3,Colorectal Cancer Screening Tests,,
58953,372,90.2,Next Generation Sequencing (NGS),,
58954,372,90.2,Next Generation Sequencing (NGS),,
58955,,,,,
58956,,,,,
58958,,,,,
58959,,,,,
58960,,,,,
58961,,,,,
58963,198,190.3,Cytogenetic Studies,,
58966,217,270.3,Blood-Derived Products for Chronic Non-Healing Wounds,,
58967,217,270.3,Blood-Derived Products for Chronic Non-Healing Wounds,,
58973,372,90.2,Next Generation Sequencing (NGS),53106,MolDX: Oncotype DX® Colon Cancer Assay Update
58977,,,,,
58982,322,110.21,Erythropoiesis Stimulating Agents (ESAs) in Cancer and Related Neoplastic Conditions,,
58984,,,,,
58988,372,90.2,Next Generation Sequencing (NGS),,
58991,,,,,
58993,,,,,
58996,372,90.2,Next Generation Sequencing (NGS),,
58998,372,90.2,Next Generation Sequencing (NGS),,
59001,,,,,
59004,372,90.2,Next Generation Sequencing (NGS),,
59005,335,210.7,Screening for the Human Immunodeficiency Virus (HIV) Infection,,
59006,,,,,
59007,335,210.7,Screening for the Human Immunodeficiency Virus (HIV) Infection,,
59015,,,,,
59017,335,210.7,Screening for the Human Immunodeficiency Virus (HIV) Infection,,
59018,335,210.7,Screening for the Human Immunodeficiency Virus (HIV) Infection,,
59020,335,210.7,Screening for the Human Immunodeficiency Virus (HIV) Infection,,
59028,,,,,
59030,,,,,
59032,,,,,
59036,,,,,
59040,,,,,
59042,366,110.23,Stem Cell Transplantation (Formerly 110.8.1),,
59049,294,220.6.9,FDG PET for Refractory Seizures,,
59051,,,,,
59058,372,90.2,Next Generation Sequencing (NGS),,
59060,,,,,
59063,,,,,
59066,,,,,
59069,,,,,
59070,,,,,
59078,,,,,
59079,,,,,
59084,,,,,
59085,190,280.1,Durable Medical Equipment Reference List,,
59088,,,,,
59090,,,,,
59101,,,,,
59105,158,250.3,Intravenous Immune Globulin for the Treatment of Autoimmune Mucocutaneous Blistering Diseases,52509,Intravenous Immune Globulin - Policy Article
59109,,,,,
59112,,,,,
59114,,,,,
59115,,,,,
59116,372,90.2,Next Generation Sequencing (NGS),,
59117,,,,,
59118,,,,,
59121,,,,,
59123,,,,,
59125,,,,,
59126,,,,,
59127,,,,,
59130,372,90.2,Next Generation Sequencing (NGS),,
59131,372,90.2,Next Generation Sequencing (NGS),,
59132,,,,,
59134,,,,,
59135,,,,,
59136,,,,,
59137,,,,,
59138,,,,,
59139,,,,,
59140,,,,,
59142,,,,,
59144,,,,,
59148,,,,,
59151,15,150.7,"Prolotherapy, Joint Sclerotherapy, and Ligamentous Injections with Sclerosing Agents",,
59154,,,,,
59155,15,150.7,"Prolotherapy, Joint Sclerotherapy, and Ligamentous Injections with Sclerosing Agents",,
59158,,,,,
59160,,,,,
59161,,,,,
59163,,,,,
59170,,,,,
59175,1,310.1,Routine Costs in Clinical Trials,,
59179,,,,,
59184,,,,,
59186,,,,,
59192,,,,,
59195,,,,,
59197,,,,,
59205,,,,,
59211,,,,,
59212,,,,,
59213,,,,,
59215,366,110.23,Stem Cell Transplantation (Formerly 110.8.1),,
59216,,,,,
59217,,,,,
59218,,,,,
59219,190,280.1,Durable Medical Equipment Reference List,,
59220,,,,,
59233,,,,,
59237,,,,,
59242,,,,,
59244,,,,,
59251,,,,,
59253,,,,,
59257,,,,,
59259,366,110.23,Stem Cell Transplantation (Formerly 110.8.1),,
59261,,,,,
59268,179,20.15,Electrocardiographic Services,,
59270,179,20.15,Electrocardiographic Services,,
59275,,,,,
59276,,,,,
59277,,,,,
59278,372,90.2,Next Generation Sequencing (NGS),,
59279,372,90.2,Next Generation Sequencing (NGS),,
59280,,,,,
59281,,,,,
59283,,,,,
59284,,,,,
59285,,,,,
59287,,,,,
59288,,,,,
59289,366,110.23,Stem Cell Transplantation (Formerly 110.8.1),,
59295,,,,,
59297,,,,,
59299,338,250.5,Dermal Injections for the Treatment of Facial Lipodystrophy Syndrome (LDS),,
59301,,,,,
59302,,,,,
59303,,,,,
59306,366,110.23,Stem Cell Transplantation (Formerly 110.8.1),,
59309,,,,,
59311,366,110.23,Stem Cell Transplantation (Formerly 110.8.1),,
59318,,,,,
59319,,,,,
59323,,,,,
59325,1,310.1,Routine Costs in Clinical Trials,,
59326,1,310.1,Routine Costs in Clinical Trials,,
59327,,,,,
59328,,,,,
59329,,,,,
59330,190,280.1,Durable Medical Equipment Reference List,,
59332,,,,,
59333,,,,,
59334,,,,,
59340,,,,,
59343,,,,,
59344,,,,,
59350,,,,,
59353,,,,,
59354,,,,,
59355,,,,,
59356,,,,,
59357,,,,,
59360,,,,,
59366,179,20.15,Electrocardiographic Services,,
59367,179,20.15,Electrocardiographic Services,,
59369,,,,,
59371,147,110.6,Scalp Hypothermia During Chemotherapy to Prevent Hair Loss,53106,MolDX: Oncotype DX® Colon Cancer Assay Update
59374,,,,,
59380,,,,,
59382,,,,,
59383,,,,,
59386,,,,,
59394,,,,,
59397,,,,,
59399,,,,,
59402,65,150.2,Osteogenic Stimulators,,
59403,190,280.1,Durable Medical Equipment Reference List,,
59408,372,90.2,Next Generation Sequencing (NGS),,
59412,,,,,
59413,,,,,
59414,,,,,
59416,28,130.6,Treatment of Drug Abuse (Chemical Dependency),,
59419,,,,,
59420,,,,,
59423,,,,,
59429,,,,,
59434,,,,,
59437,372,90.2,Next Generation Sequencing (NGS),,
59440,,,,,
59441,,,,,
59443,,,,,
59444,,,,,
59449,194,260.6,Dental Examination Prior to Kidney Transplantation,,
59451,,,,,
59452,372,90.2,Next Generation Sequencing (NGS),,
59453,372,90.2,Next Generation Sequencing (NGS),,
59455,,,,,
59456,372,90.2,Next Generation Sequencing (NGS),,
59459,,,,,
59460,,,,,
59462,,,,,
59466,,,,,
59470,,,,,
59472,,,,,
59474,,,,,
59476,,,,,
59480,,,,,
59482,,,,,
59483,,,,,
59484,,,,,
59487,373,30.3.3,Acupuncture for Chronic Lower Back Pain (cLBP),,
59496,,,,,
59498,,,,,
59501,,,,,
59503,,,,,
59505,,,,,
59509,,,,,
59513,,,,,
59519,,,,,
59520,,,,,
59521,,,,,
59523,,,,,
59524,,,,,
59527,,,,,
59529,,,,,
59531,,,,,
59532,,,,,
59533,,,,,
59534,,,,,
59535,,,,,
59536,,,,,
59541,,,,,
59542,,,,,
59547,,,,,
59549,,,,,
59551,,,,,
59553,,,,,
59560,,,,,
59562,,,,,
59563,,,,,
59564,,,,,
59566,,,,,
59568,,,,,
59574,155,110.9,Antigens Prepared for Sublingual Administration,,
59575,155,110.9,Antigens Prepared for Sublingual Administration,,
59578,,,,,
59579,,,,,
59581,,,,,
59595,,,,,
59596,,,,,
59597,,,,,
59598,,,,,
59599,,,,,
59601,,,,,
59602,,,,,
59605,,,,,
59608,,,,,
59611,,,,,
59614,,,,,
59616,,,,,
59621,,,,,
59622,,,,,
59624,,,,,
59632,,,,,
59634,,,,,
59635,,,,,
59636,,,,,
59641,,,,,
59646,,,,,
59647,,,,,
59648,,,,,
59649,,,,,
59651,,,,,
59652,,,,,
59654,,,,,
59655,,,,,
59656,,,,,
59657,360,20.9.1,Ventricular Assist Devices,,
59659,,,,,
59661,,,,,
59664,,,,,
59668,,,,,
59672,,,,,
59674,,,,,
59675,,,,,
59678,,,,,
59679,,,,,
59680,,,,,
59682,,,,,
59685,,,,,
59695,,,,,
59698,,,,,
59700,,,,,
59703,,,,,
59704,,,,,
59707,,,,,
59714,,,,,
59716,,,,,
59718,,,,,
59721,,,,,
59723,,,,,
59726,,,,,
59733,176,220.1,Computed Tomography,,
59734,,,,,
59735,,,,,
59736,,,,,
59737,,,,,
59738,,,,,
59741,,,,,
59743,,,,,
59747,,,,,
59748,,,,,
59751,,,,,
59752,,,,,
59755,,,,,
59756,,,,,
59758,,,,,
59759,,,,,
59764,,,,,
59766,,,,,
59767,,,,,
59769,176,220.1,Computed Tomography,,
59772,,,,,
59773,,,,,
59791,,,,,
59792,,,,,
59793,176,220.1,Computed Tomography,,
59795,176,220.1,Computed Tomography,,
59796,,,,,
59797,,,,,
59798,,,,,
59799,,,,,
59800,,,,,
59801,,,,,
59802,,,,,
59803,,,,,
59805,213,80.8,Endothelial Cell Photography,,
59807,239,80.12,Intraocular Lenses (IOLs),,
59809,,,,,
59811,,,,,
59813,,,,,
59814,,,,,
59815,,,,,
59816,,,,,
59819,370,20.8.4,Leadless Pacemakers,,
59822,,,,,
59825,,,,,
59827,,,,,
59829,,,,,
59830,,,,,
59831,,,,,
59832,,,,,
59833,,,,,
59835,,,,,
59838,,,,,
59843,,,,,
59844,,,,,
59847,,,,,
59849,,,,,
59850,,,,,
59851,,,,,
59853,,,,,
59854,,,,,
59855,,,,,
59856,281,210.3,Colorectal Cancer Screening Tests,,
59857,,,,,
59858,,,,,
59860,,,,,
59862,,,,,
59866,,,,,
59868,,,,,
59872,,,,,
59875,,,,,
59876,,,,,
59878,,,,,
59880,,,,,
59882,,,,,
59885,,,,,
59886,,,,,
59892,,,,,
59893,,,,,
59894,,,,,
59896,,,,,
59897,,,,,
59900,,,,,
59902,,,,,
59903,,,,,
59904,,,,,
59906,,,,,
59908,,,,,
59909,,,,,
59910,,,,,
59912,,,,,
59913,,,,,
59915,333,90.1,Pharmacogenomic Testing for Warfarin Response,54543,Therapeutic Apheresis for Familial Hypercholesterolemia
59917,,,,,
59919,,,,,
59928,,,,,
59929,,,,,
59930,,,,,
59931,,,,,
59932,,,,,
59934,,,,,
59935,176,220.1,Computed Tomography,,
59936,176,220.1,Computed Tomography,,
59937,,,,,
59939,,,,,
59943,,,,,
59946,,,,,
59948,,,,,
59949,,,,,
59957,,,,,
59961,,,,,
59962,,,,,
59963,,,,,
59964,,,,,
59965,,,,,
59967,281,210.3,Colorectal Cancer Screening Tests,,
59968,,,,,
59971,,,,,
59973,266,110.11,Food Allergy Testing and Treatment,,
59976,266,110.11,Food Allergy Testing and Treatment,,
59979,,,,,
59981,,,,,
59982,,,,,
59983,,,,,
59984,,,,,
59985,,,,,
59986,,,,,
60146,112,260.9,Heart Transplants,,
60147,,,,,
60148,,,,,
60150,,,,,
60152,112,260.9,Heart Transplants,,
60155,112,260.9,Heart Transplants,,
60159,,,,,
60161,,,,,
60162,,,,,
60163,,,,,
60176,,,,,
60181,,,,,
60185,,,,,
60188,,,,,
60189,,,,,
60190,,,,,
60191,,,,,
60197,,,,,
60198,,,,,
60199,,,,,
60200,,,,,
60201,,,,,
60202,,,,,
60205,,,,54543,Therapeutic Apheresis for Familial Hypercholesterolemia
60206,,,,,
60207,,,,,
60211,,,,,
60213,,,,,
60215,,,,54543,Therapeutic Apheresis for Familial Hypercholesterolemia
60217,,,,54543,Therapeutic Apheresis for Familial Hypercholesterolemia
60218,,,,,
60219,,,,,
60220,,,,,
60222,,,,,
60223,,,,,
60227,,,,,
60228,,,,,
60236,,,,53106,MolDX: Oncotype DX® Colon Cancer Assay Update
60237,,,,,
60239,,,,53106,MolDX: Oncotype DX® Colon Cancer Assay Update
60241,,,,53106,MolDX: Oncotype DX® Colon Cancer Assay Update
60245,,,,,
60247,201,20.7,Percutaneous Transluminal Angioplasty (PTA),,
60248,,,,,
60250,,,,,
60251,,,,,
60252,158,250.3,Intravenous Immune Globulin for the Treatment of Autoimmune Mucocutaneous Blistering Diseases,,
60253,,,,,
60254,,,,,
60256,,,,53106,MolDX: Oncotype DX® Colon Cancer Assay Update
60257,,,,,
60272,,,,53106,MolDX: Oncotype DX® Colon Cancer Assay Update
60274,112,260.9,Heart Transplants,,
60276,,,,,
60279,179,20.15,Electrocardiographic Services,,
60281,,,,,
60282,,,,,
60286,,,,,
60292,179,20.15,Electrocardiographic Services,,
60294,,,,53106,MolDX: Oncotype DX® Colon Cancer Assay Update
60296,,,,,
60298,,,,,
60300,,,,,
60302,,,,,
60306,,,,54543,Therapeutic Apheresis for Familial Hypercholesterolemia
60308,,,,53106,MolDX: Oncotype DX® Colon Cancer Assay Update
60310,,,,53106,MolDX: Oncotype DX® Colon Cancer Assay Update
60312,,,,,
60315,263,220.5,Ultrasound Diagnostic Procedures,,
60318,263,220.5,Ultrasound Diagnostic Procedures,,
60319,266,110.11,Food Allergy Testing and Treatment,,
60320,,,,,
60322,,,,,
60324,,,,,
60341,,,,,
60342,,,,,
60343,,,,,
60344,,,,,
60346,,,,,
60347,,,,,
60348,,,,,
60349,,,,,
60350,,,,,
60352,,,,,
60353,,,,,
60354,,,,,
60355,,,,,
60356,,,,,
60357,,,,,
60359,,,,,
60361,,,,,
60362,,,,,
60364,,,,,
60365,,,,,
60366,,,,,
60371,,,,,
60373,223,280.14,Infusion Pumps,,
60375,,,,,
60377,,,,,
60378,190,280.1,Durable Medical Equipment Reference List,,
60381,322,110.21,Erythropoiesis Stimulating Agents (ESAs) in Cancer and Related Neoplastic Conditions,,
60382,,,,,
60384,,,,,
60386,,,,,
60391,,,,,
60399,,,,,
60400,,,,,
60417,322,110.21,Erythropoiesis Stimulating Agents (ESAs) in Cancer and Related Neoplastic Conditions,,
60428,179,20.15,Electrocardiographic Services,,
60430,,,,,
60431,,,,,
60436,,,,,
60437,,,,,
60438,112,260.9,Heart Transplants,,
60439,,,,,
60440,,,,,
60446,112,260.9,Heart Transplants,,
60447,112,260.9,Heart Transplants,,
60449,,,,,
60450,,,,,
60451,372,90.2,Next Generation Sequencing (NGS),,
60452,,,,,
60458,,,,,
60459,,,,,
60462,,,,,
60463,112,260.9,Heart Transplants,,
60464,,,,,
60465,,,,,
60466,,,,,
60467,,,,,
60468,,,,,
60495,,,,,
60496,,,,,
60499,,,,,
60507,,,,,
60509,,,,,
60510,,,,,
60511,,,,,
60512,,,,,
60513,,,,,
60518,,,,,
60522,,,,,
60523,,,,,
60524,,,,,
60527,,,,,
60530,,,,,
60532,,,,,
