contractor_id,contractor_name,states
139,"Noridian Healthcare Solutions, LLC",1;4;5;6;15;16;18;32;35;40;44;49;52;56;59;60;66;67
140,"CGS Administrators, LLC",8;10;11;17;21;22;25;29;32;35;36;42;45;49;52;53;58;59
143,WPS Insurance Corporation,1;2;3;5;6;8;9;11;12;14;16;17;18;19;20;21;22;23;24;25;26;27;29;31;32;34;35;36;37;38;39;40;42;43;44;45;47;48;49;50;51;52;53;55;56;57;58;59;62
144,WPS Insurance Corporation,1;2;3;5;6;8;9;11;12;14;16;17;18;19;20;21;22;23;24;25;26;27;29;31;32;34;35;36;37;38;39;40;42;43;44;45;47;48;49;50;51;52;53;55;56;57;58;59;62
145,WPS Insurance Corporation,1;2;3;5;6;8;9;11;12;14;16;17;18;19;20;21;22;23;24;25;26;27;29;31;32;34;35;36;37;38;39;40;42;43;44;45;47;48;49;50;51;52;53;55;56;57;58;59;62
146,WPS Insurance Corporation,1;2;3;5;6;8;9;11;12;14;16;17;18;19;20;21;22;23;24;25;26;27;29;31;32;34;35;36;37;38;39;40;42;43;44;45;47;48;49;50;51;52;53;55;56;57;58;59;62
147,WPS Insurance Corporation,1;2;3;5;6;8;9;11;12;14;16;17;18;19;20;21;22;23;24;25;26;27;29;31;32;34;35;36;37;38;39;40;42;43;44;45;47;48;49;50;51;52;53;55;56;57;58;59;62
148,WPS Insurance Corporation,1;2;3;5;6;8;9;11;12;14;16;17;18;19;20;21;22;23;24;25;26;27;29;31;32;34;35;36;37;38;39;40;42;43;44;45;47;48;49;50;51;52;53;55;56;57;58;59;62
149,WPS Insurance Corporation,1;2;3;5;6;8;9;11;12;14;16;17;18;19;20;21;22;23;24;25;26;27;29;31;32;34;35;36;37;38;39;40;42;43;44;45;47;48;49;50;51;52;53;55;56;57;58;59;62
151,WPS Insurance Corporation,1;2;3;5;6;8;9;11;12;14;16;17;18;19;20;21;22;23;24;25;26;27;29;31;32;34;35;36;37;38;39;40;42;43;44;45;47;48;49;50;51;52;53;55;56;57;58;59;62
228,"CGS Administrators, LLC",8;10;11;17;21;22;25;29;32;35;36;42;45;49;52;53;58;59
236,"CGS Administrators, LLC",8;10;11;17;21;22;25;29;32;35;36;42;45;49;52;53;58;59
238,"CGS Administrators, LLC",8;10;11;17;21;22;25;29;32;35;36;42;45;49;52;53;58;59
239,"CGS Administrators, LLC",8;10;11;17;21;22;25;29;32;35;36;42;45;49;52;53;58;59
240,"CGS Administrators, LLC",8;10;11;17;21;22;25;29;32;35;36;42;45;49;52;53;58;59
264,WPS Insurance Corporation,1;2;3;5;6;8;9;11;12;14;16;17;18;19;20;21;22;23;24;25;26;27;29;31;32;34;35;36;37;38;39;40;42;43;44;45;47;48;49;50;51;52;53;55;56;57;58;59;62
265,WPS Insurance Corporation,1;2;3;5;6;8;9;11;12;14;16;17;18;19;20;21;22;23;24;25;26;27;29;31;32;34;35;36;37;38;39;40;42;43;44;45;47;48;49;50;51;52;53;55;56;57;58;59;62
266,WPS Insurance Corporation,1;2;3;5;6;8;9;11;12;14;16;17;18;19;20;21;22;23;24;25;26;27;29;31;32;34;35;36;37;38;39;40;42;43;44;45;47;48;49;50;51;52;53;55;56;57;58;59;62
267,WPS Insurance Corporation,1;2;3;5;6;8;9;11;12;14;16;17;18;19;20;21;22;23;24;25;26;27;29;31;32;34;35;36;37;38;39;40;42;43;44;45;47;48;49;50;51;52;53;55;56;57;58;59;62
268,WPS Insurance Corporation,1;2;3;5;6;8;9;11;12;14;16;17;18;19;20;21;22;23;24;25;26;27;29;31;32;34;35;36;37;38;39;40;42;43;44;45;47;48;49;50;51;52;53;55;56;57;58;59;62
269,"National Government Services, Inc.",1;4;5;6;9;15;16;18;19;24;26;27;28;37;38;40;41;44;46;47;54;55;56;57;60;63;64;65
270,"National Government Services, Inc.",1;4;5;6;9;15;16;18;19;24;26;27;28;37;38;40;41;44;46;47;54;55;56;57;60;63;64;65
271,"National Government Services, Inc.",1;4;5;6;9;15;16;18;19;24;26;27;28;37;38;40;41;44;46;47;54;55;56;57;60;63;64;65
272,"National Government Services, Inc.",1;4;5;6;9;15;16;18;19;24;26;27;28;37;38;40;41;44;46;47;54;55;56;57;60;63;64;65
273,"National Government Services, Inc.",1;4;5;6;9;15;16;18;19;24;26;27;28;37;38;40;41;44;46;47;54;55;56;57;60;63;64;65
274,"National Government Services, Inc.",1;4;5;6;9;15;16;18;19;24;26;27;28;37;38;40;41;44;46;47;54;55;56;57;60;63;64;65
275,"National Government Services, Inc.",1;4;5;6;9;15;16;18;19;24;26;27;28;37;38;40;41;44;46;47;54;55;56;57;60;63;64;65
297,"National Government Services, Inc.",1;4;5;6;9;15;16;18;19;24;26;27;28;37;38;40;41;44;46;47;54;55;56;57;60;63;64;65
298,"National Government Services, Inc.",1;4;5;6;9;15;16;18;19;24;26;27;28;37;38;40;41;44;46;47;54;55;56;57;60;63;64;65
299,"National Government Services, Inc.",1;4;5;6;9;15;16;18;19;24;26;27;28;37;38;40;41;44;46;47;54;55;56;57;60;63;64;65
300,"National Government Services, Inc.",1;4;5;6;9;15;16;18;19;24;26;27;28;37;38;40;41;44;46;47;54;55;56;57;60;63;64;65
301,"National Government Services, Inc.",1;4;5;6;9;15;16;18;19;24;26;27;28;37;38;40;41;44;46;47;54;55;56;57;60;63;64;65
302,"National Government Services, Inc.",1;4;5;6;9;15;16;18;19;24;26;27;28;37;38;40;41;44;46;47;54;55;56;57;60;63;64;65
303,"National Government Services, Inc.",1;4;5;6;9;15;16;18;19;24;26;27;28;37;38;40;41;44;46;47;54;55;56;57;60;63;64;65
304,"National Government Services, Inc.",1;4;5;6;9;15;16;18;19;24;26;27;28;37;38;40;41;44;46;47;54;55;56;57;60;63;64;65
305,"National Government Services, Inc.",1;4;5;6;9;15;16;18;19;24;26;27;28;37;38;40;41;44;46;47;54;55;56;57;60;63;64;65
306,"National Government Services, Inc.",1;4;5;6;9;15;16;18;19;24;26;27;28;37;38;40;41;44;46;47;54;55;56;57;60;63;64;65
307,"National Government Services, Inc.",1;4;5;6;9;15;16;18;19;24;26;27;28;37;38;40;41;44;46;47;54;55;56;57;60;63;64;65
308,"National Government Services, Inc.",1;4;5;6;9;15;16;18;19;24;26;27;28;37;38;40;41;44;46;47;54;55;56;57;60;63;64;65
309,"National Government Services, Inc.",1;4;5;6;9;15;16;18;19;24;26;27;28;37;38;40;41;44;46;47;54;55;56;57;60;63;64;65
310,"National Government Services, Inc.",1;4;5;6;9;15;16;18;19;24;26;27;28;37;38;40;41;44;46;47;54;55;56;57;60;63;64;65
311,"National Government Services, Inc.",1;4;5;6;9;15;16;18;19;24;26;27;28;37;38;40;41;44;46;47;54;55;56;57;60;63;64;65
312,"National Government Services, Inc.",1;4;5;6;9;15;16;18;19;24;26;27;28;37;38;40;41;44;46;47;54;55;56;57;60;63;64;65
313,"National Government Services, Inc.",1;4;5;6;9;15;16;18;19;24;26;27;28;37;38;40;41;44;46;47;54;55;56;57;60;63;64;65
314,"Novitas Solutions, Inc.",3;8;10;11;23;25;31;38;39;43;45;51
315,"Novitas Solutions, Inc.",3;8;10;11;23;25;31;38;39;43;45;51
316,"Novitas Solutions, Inc.",3;8;10;11;23;25;31;38;39;43;45;51
317,"Novitas Solutions, Inc.",3;8;10;11;23;25;31;38;39;43;45;51
318,"Novitas Solutions, Inc.",3;8;10;11;23;25;31;38;39;43;45;51
319,"Novitas Solutions, Inc.",3;8;10;11;23;25;31;38;39;43;45;51
320,"Novitas Solutions, Inc.",3;8;10;11;23;25;31;38;39;43;45;51
321,"Novitas Solutions, Inc.",3;8;10;11;23;25;31;38;39;43;45;51
322,"Novitas Solutions, Inc.",3;8;10;11;23;25;31;38;39;43;45;51
323,"Novitas Solutions, Inc.",3;8;10;11;23;25;31;38;39;43;45;51
324,"Novitas Solutions, Inc.",3;8;10;11;23;25;31;38;39;43;45;51
325,"Novitas Solutions, Inc.",3;8;10;11;23;25;31;38;39;43;45;51
326,"Novitas Solutions, Inc.",3;8;10;11;23;25;31;38;39;43;45;51
327,"Novitas Solutions, Inc.",3;8;10;11;23;25;31;38;39;43;45;51
328,"Novitas Solutions, Inc.",3;8;10;11;23;25;31;38;39;43;45;51
329,"Novitas Solutions, Inc.",3;8;10;11;23;25;31;38;39;43;45;51
330,"Novitas Solutions, Inc.",3;8;10;11;23;25;31;38;39;43;45;51
331,"Novitas Solutions, Inc.",3;8;10;11;23;25;31;38;39;43;45;51
332,"Novitas Solutions, Inc.",3;8;10;11;23;25;31;38;39;43;45;51
333,"Novitas Solutions, Inc.",3;8;10;11;23;25;31;38;39;43;45;51
334,"Novitas Solutions, Inc.",3;8;10;11;23;25;31;38;39;43;45;51
335,"Novitas Solutions, Inc.",3;8;10;11;23;25;31;38;39;43;45;51
336,"Novitas Solutions, Inc.",3;8;10;11;23;25;31;38;39;43;45;51
337,"Novitas Solutions, Inc.",3;8;10;11;23;25;31;38;39;43;45;51
338,"Novitas Solutions, Inc.",3;8;10;11;23;25;31;38;39;43;45;51
339,"Novitas Solutions, Inc.",3;8;10;11;23;25;31;38;39;43;45;51
340,"Noridian Healthcare Solutions, LLC",1;4;5;6;15;16;18;32;35;40;44;49;52;56;59;60;66;67
341,"Noridian Healthcare Solutions, LLC",1;4;5;6;15;16;18;32;35;40;44;49;52;56;59;60;66;67
342,"Noridian Healthcare Solutions, LLC",1;4;5;6;15;16;18;32;35;40;44;49;52;56;59;60;66;67
343,"Noridian Healthcare Solutions, LLC",1;4;5;6;15;16;18;32;35;40;44;49;52;56;59;60;66;67
344,"Noridian Healthcare Solutions, LLC",1;4;5;6;15;16;18;32;35;40;44;49;52;56;59;60;66;67
345,"Noridian Healthcare Solutions, LLC",1;4;5;6;15;16;18;32;35;40;44;49;52;56;59;60;66;67
346,"Noridian Healthcare Solutions, LLC",1;4;5;6;15;16;18;32;35;40;44;49;52;56;59;60;66;67
347,"Noridian Healthcare Solutions, LLC",1;4;5;6;15;16;18;32;35;40;44;49;52;56;59;60;66;67
348,"Noridian Healthcare Solutions, LLC",1;4;5;6;15;16;18;32;35;40;44;49;52;56;59;60;66;67
349,"Noridian Healthcare Solutions, LLC",1;4;5;6;15;16;18;32;35;40;44;49;52;56;59;60;66;67
350,"Noridian Healthcare Solutions, LLC",1;4;5;6;15;16;18;32;35;40;44;49;52;56;59;60;66;67
351,"Noridian Healthcare Solutions, LLC",1;4;5;6;15;16;18;32;35;40;44;49;52;56;59;60;66;67
352,"Noridian Healthcare Solutions, LLC",1;4;5;6;15;16;18;32;35;40;44;49;52;56;59;60;66;67
353,"Noridian Healthcare Solutions, LLC",1;4;5;6;15;16;18;32;35;40;44;49;52;56;59;60;66;67
354,"Noridian Healthcare Solutions, LLC",1;4;5;6;15;16;18;32;35;40;44;49;52;56;59;60;66;67
355,"Noridian Healthcare Solutions, LLC",1;4;5;6;15;16;18;32;35;40;44;49;52;56;59;60;66;67
356,"Noridian Healthcare Solutions, LLC",1;4;5;6;15;16;18;32;35;40;44;49;52;56;59;60;66;67
357,"Noridian Healthcare Solutions, LLC",1;4;5;6;15;16;18;32;35;40;44;49;52;56;59;60;66;67
358,"Noridian Healthcare Solutions, LLC",1;4;5;6;15;16;18;32;35;40;44;49;52;56;59;60;66;67
359,"Noridian Healthcare Solutions, LLC",1;4;5;6;15;16;18;32;35;40;44;49;52;56;59;60;66;67
360,"Noridian Healthcare Solutions, LLC",1;4;5;6;15;16;18;32;35;40;44;49;52;56;59;60;66;67
361,"Noridian Healthcare Solutions, LLC",1;4;5;6;15;16;18;32;35;40;44;49;52;56;59;60;66;67
362,"Noridian Healthcare Solutions, LLC",1;4;5;6;15;16;18;32;35;40;44;49;52;56;59;60;66;67
363,"Noridian Healthcare Solutions, LLC",1;4;5;6;15;16;18;32;35;40;44;49;52;56;59;60;66;67
364,"Noridian Healthcare Solutions, LLC",1;4;5;6;15;16;18;32;35;40;44;49;52;56;59;60;66;67
365,"Noridian Healthcare Solutions, LLC",1;4;5;6;15;16;18;32;35;40;44;49;52;56;59;60;66;67
366,"Noridian Healthcare Solutions, LLC",1;4;5;6;15;16;18;32;35;40;44;49;52;56;59;60;66;67
367,"Noridian Healthcare Solutions, LLC",1;4;5;6;15;16;18;32;35;40;44;49;52;56;59;60;66;67
368,"First Coast Service Options, Inc.",12;46;54
369,"First Coast Service Options, Inc.",12;46;54
370,"First Coast Service Options, Inc.",12;46;54
371,"First Coast Service Options, Inc.",12;46;54
372,"First Coast Service Options, Inc.",12;46;54
373,Palmetto GBA,2;3;12;14;19;20;22;23;31;34;39;42;43;48;50;51;53;58
374,Palmetto GBA,2;3;12;14;19;20;22;23;31;34;39;42;43;48;50;51;53;58
375,Palmetto GBA,2;3;12;14;19;20;22;23;31;34;39;42;43;48;50;51;53;58
376,Palmetto GBA,2;3;12;14;19;20;22;23;31;34;39;42;43;48;50;51;53;58
377,Palmetto GBA,2;3;12;14;19;20;22;23;31;34;39;42;43;48;50;51;53;58
378,Palmetto GBA,2;3;12;14;19;20;22;23;31;34;39;42;43;48;50;51;53;58
379,Palmetto GBA,2;3;12;14;19;20;22;23;31;34;39;42;43;48;50;51;53;58
380,Palmetto GBA,2;3;12;14;19;20;22;23;31;34;39;42;43;48;50;51;53;58
381,Palmetto GBA,2;3;12;14;19;20;22;23;31;34;39;42;43;48;50;51;53;58
388,"CGS Administrators, LLC",8;10;11;17;21;22;25;29;32;35;36;42;45;49;52;53;58;59
389,"Noridian Healthcare Solutions, LLC",1;4;5;6;15;16;18;32;35;40;44;49;52;56;59;60;66;67
391,Palmetto GBA,2;3;12;14;19;20;22;23;31;34;39;42;43;48;50;51;53;58
392,Palmetto GBA,2;3;12;14;19;20;22;23;31;34;39;42;43;48;50;51;53;58
393,Palmetto GBA,2;3;12;14;19;20;22;23;31;34;39;42;43;48;50;51;53;58
394,Palmetto GBA,2;3;12;14;19;20;22;23;31;34;39;42;43;48;50;51;53;58
395,Palmetto GBA,2;3;12;14;19;20;22;23;31;34;39;42;43;48;50;51;53;58
396,Palmetto GBA,2;3;12;14;19;20;22;23;31;34;39;42;43;48;50;51;53;58
500,Wellpoint Federal,1;4;5;6;9;15;16;18;19;24;26;27;28;37;38;40;41;44;46;47;54;55;56;57;60;63;64;65
501,Wellpoint Federal,1;4;5;6;9;15;16;18;19;24;26;27;28;37;38;40;41;44;46;47;54;55;56;57;60;63;64;65
502,Wellpoint Federal,1;4;5;6;9;15;16;18;19;24;26;27;28;37;38;40;41;44;46;47;54;55;56;57;60;63;64;65
503,Wellpoint Federal,1;4;5;6;9;15;16;18;19;24;26;27;28;37;38;40;41;44;46;47;54;55;56;57;60;63;64;65
504,Wellpoint Federal,1;4;5;6;9;15;16;18;19;24;26;27;28;37;38;40;41;44;46;47;54;55;56;57;60;63;64;65
505,Wellpoint Federal,1;4;5;6;9;15;16;18;19;24;26;27;28;37;38;40;41;44;46;47;54;55;56;57;60;63;64;65
506,Wellpoint Federal,1;4;5;6;9;15;16;18;19;24;26;27;28;37;38;40;41;44;46;47;54;55;56;57;60;63;64;65
507,Wellpoint Federal,1;4;5;6;9;15;16;18;19;24;26;27;28;37;38;40;41;44;46;47;54;55;56;57;60;63;64;65
508,Wellpoint Federal,1;4;5;6;9;15;16;18;19;24;26;27;28;37;38;40;41;44;46;47;54;55;56;57;60;63;64;65
509,Wellpoint Federal,1;4;5;6;9;15;16;18;19;24;26;27;28;37;38;40;41;44;46;47;54;55;56;57;60;63;64;65
510,Wellpoint Federal,1;4;5;6;9;15;16;18;19;24;26;27;28;37;38;40;41;44;46;47;54;55;56;57;60;63;64;65
511,Wellpoint Federal,1;4;5;6;9;15;16;18;19;24;26;27;28;37;38;40;41;44;46;47;54;55;56;57;60;63;64;65
512,Wellpoint Federal,1;4;5;6;9;15;16;18;19;24;26;27;28;37;38;40;41;44;46;47;54;55;56;57;60;63;64;65
513,Wellpoint Federal,1;4;5;6;9;15;16;18;19;24;26;27;28;37;38;40;41;44;46;47;54;55;56;57;60;63;64;65
514,Wellpoint Federal,1;4;5;6;9;15;16;18;19;24;26;27;28;37;38;40;41;44;46;47;54;55;56;57;60;63;64;65
515,Wellpoint Federal,1;4;5;6;9;15;16;18;19;24;26;27;28;37;38;40;41;44;46;47;54;55;56;57;60;63;64;65
516,Wellpoint Federal,1;4;5;6;9;15;16;18;19;24;26;27;28;37;38;40;41;44;46;47;54;55;56;57;60;63;64;65
517,Wellpoint Federal,1;4;5;6;9;15;16;18;19;24;26;27;28;37;38;40;41;44;46;47;54;55;56;57;60;63;64;65
518,Wellpoint Federal,1;4;5;6;9;15;16;18;19;24;26;27;28;37;38;40;41;44;46;47;54;55;56;57;60;63;64;65
519,Wellpoint Federal,1;4;5;6;9;15;16;18;19;24;26;27;28;37;38;40;41;44;46;47;54;55;56;57;60;63;64;65
520,Wellpoint Federal,1;4;5;6;9;15;16;18;19;24;26;27;28;37;38;40;41;44;46;47;54;55;56;57;60;63;64;65
521,Wellpoint Federal,1;4;5;6;9;15;16;18;19;24;26;27;28;37;38;40;41;44;46;47;54;55;56;57;60;63;64;65
522,Wellpoint Federal,1;4;5;6;9;15;16;18;19;24;26;27;28;37;38;40;41;44;46;47;54;55;56;57;60;63;64;65
523,Wellpoint Federal,1;4;5;6;9;15;16;18;19;24;26;27;28;37;38;40;41;44;46;47;54;55;56;57;60;63;64;65
